1	Bulbasaur	Grass	Poison	Overgrow		Chlorophyll
2	Ivysaur	Grass	Poison	Overgrow		Chlorophyll
3	Venusaur	Grass	Poison	Overgrow		Chlorophyll
3	Venusaur-M	Grass	Poison	Thick Fat		
4	Charmander	Fire		Blaze		Solar Power
5	Charmeleon	Fire		Blaze		Solar Power
6	Charizard	Fire	Flying	Blaze		Solar Power
6	Charizard-X	Fire	Dragon	Though Claws		
6	Charizard-Y	Fire	Flying	Drought		
7	Squirtle	Water		Torrent		Rain Dish
8	Wartortle	Water		Torrent		Rain Dish
9	Blastoise	Water		Torrent		Rain Dish
9	Blastoise-M	Water		Mega Launcher		
10	Caterpie	Bug		Shield Dust		Run Away
11	Metapod	Bug		Shed Skin		
12	Butterfree	Bug	Flying	Compound Eyes		Tinted Lens
13	Weedle	Bug	Poison	Shield Dust		Run Away
14	Kakuna	Bug	Poison	Shed Skin		
15	Beedrill	Bug	Poison	Swarm		Sniper
15	Beedrill-M	Bug	Poison	Adaptability		
16	Pidgey	Normal	Flying	Keen Eye	Tangled Feet	Big Pecks
17	Pidgeotto	Normal	Flying	Keen Eye	Tangled Feet	Big Pecks
18	Pidgeot	Normal	Flying	Keen Eye	Tangled Feet	Big Pecks
18	Pidgeot-M	Normal	Flying	No Guard		
19	Rattata	Normal		Run Away	Guts	Hustle
20	Raticate	Normal		Run Away	Guts	Hustle
21	Spearow	Normal	Flying	Keen Eye		Sniper
22	Fearow	Normal	Flying	Keen Eye		Sniper
23	Ekans	Poison		Intimidate	Shed Skin	Unnerve
24	Arbok	Poison		Intimidate	Shed Skin	Unnerve
25	Pikachu	Electric		Static		Lightning Rod
26	Raichu	Electric		Static		Lightning Rod
27	Sandshrew	Ground		Sand Veil		Sand Rush
28	Sandslash	Ground		Sand Veil		Sand Rush
29	Nidoran	Poison		Poison Point	Rivalry	Hustle
30	Nidorina	Poison		Poison Point	Rivalry	Hustle
31	Nidoqueen	Poison	Ground	Poison Point	Rivalry	Sheer Force
32	Nidoran	Poison		Poison Point	Rivalry	Hustle
33	Nidorino	Poison		Poison Point	Rivalry	Hustle
34	Nidoking	Poison	Ground	Poison Point	Rivalry	Sheer Force
35	Clefairy	Fairy		Cute Charm	Magic Guard	Friend Guard
36	Clefable	Fairy		Cute Charm	Magic Guard	Unaware
37	Vulpix	Fire		Flash Fire		Drought
38	Ninetales	Fire		Flash Fire		Drought
39	Jigglypuff	Normal	Fairy	Cute Charm	Competitive	Friend Guard
40	Wigglytuff	Normal	Fairy	Cute Charm	Competitive	Frisk
41	Zubat	Poison	Flying	Inner Focus		Infiltrator
42	Golbat	Poison	Flying	Inner Focus		Infiltrator
43	Oddish	Grass	Poison	Chlorophyll		Run Away
44	Gloom	Grass	Poison	Chlorophyll		Stench
45	Vileplume	Grass	Poison	Chlorophyll		Effect Spore
46	Paras	Bug	Grass	Effect Spore	Dry Skin	Damp
47	Parasect	Bug	Grass	Effect Spore	Dry Skin	Damp
48	Venonat	Bug	Poison	Compound Eyes	Tinted Lens	Run Away
49	Venomoth	Bug	Poison	Shield Dust	Tinted Lens	Wonder Skin
50	Diglett	Ground		Sand Veil	Arena Trap	Sand Force
51	Dugtrio	Ground		Sand Veil	Arena Trap	Sand Force
52	Meowth	Normal		Pickup	Technician	Unnerve
53	Persian	Normal		Limber	Technician	Unnerve
54	Psyduck	Water		Damp	Cloud Nine	Swift Swim
55	Golduck	Water		Damp	Cloud Nine	Swift Swim
56	Mankey	Fighting		Vital Spirit	Anger Point	Defiant
57	Primeape	Fighting		Vital Spirit	Anger Point	Defiant
58	Growlithe	Fire		Intimidate	Flash Fire	Justified
59	Arcanine	Fire		Intimidate	Flash Fire	Justified
60	Poliwag	Water		Water Absorb	Damp	Swift Swim
61	Poliwhirl	Water		Water Absorb	Damp	Swift Swim
62	Poliwrath	Water	Fighting	Water Absorb	Damp	Swift Swim
63	Abra	Psychic		Synchronize	Inner Focus	Magic Guard
64	Kadabra	Psychic		Synchronize	Inner Focus	Magic Guard
65	Alakazam	Psychic		Synchronize	Inner Focus	Magic Guard
65	Alakazam-M	Psychic		Trace		
66	Machop	Fighting		Guts	No Guard	Steadfast
67	Machoke	Fighting		Guts	No Guard	Steadfast
68	Machamp	Fighting		Guts	No Guard	Steadfast
69	Bellsprout	Grass	Poison	Chlorophyll		Gluttony
70	Weepinbell	Grass	Poison	Chlorophyll		Gluttony
71	Victreebel	Grass	Poison	Chlorophyll		Gluttony
72	Tentacool	Water	Poison	Clear Body	Liquid Ooze	Rain Dish
73	Tentacruel	Water	Poison	Clear Body	Liquid Ooze	Rain Dish
74	Geodude	Rock	Ground	Rock Head	Sturdy	Sand Veil
75	Graveler	Rock	Ground	Rock Head	Sturdy	Sand Veil
76	Golem	Rock	Ground	Rock Head	Sturdy	Sand Veil
77	Ponyta	Fire		Run Away	Flash Fire	Flame Body
78	Rapidash	Fire		Run Away	Flash Fire	Flame Body
79	Slowpoke	Water	Psychic	Oblivious	Own Tempo	Regenerator
80	Slowbro	Water	Psychic	Oblivious	Own Tempo	Regenerator
80	Slowbro-M	Water	Psychic	Shell Armor		
81	Magnemite	Electric	Steel	Magnet Pull	Sturdy	Analytic
82	Magneton	Electric	Steel	Magnet Pull	Sturdy	Analytic
83	Farfetch'd	Normal	Flying	Keen Eye	Inner Focus	Defiant
84	Doduo	Normal	Flying	Run Away	Early Bird	Tangled Feet
85	Dodrio	Normal	Flying	Run Away	Early Bird	Tangled Feet
86	Seel	Water		Thick Fat	Hydration	Ice Body
87	Dewgong	Water	Ice	Thick Fat	Hydration	Ice Body
88	Grimer	Poison		Stench	Sticky Hold	Poison Touch
89	Muk	Poison		Stench	Sticky Hold	Poison Touch
90	Shellder	Water		Shell Armor	Skill Link	Overcoat
91	Cloyster	Water	Ice	Shell Armor	Skill Link	Overcoat
92	Gastly	Ghost	Poison	Levitate		
93	Haunter	Ghost	Poison	Levitate		
94	Gengar	Ghost	Poison	Levitate		
94	Gengar-M	Ghost	Poison	Shadow Tag		
95	Onix	Rock	Ground	Rock Head	Sturdy	Weak Armor
96	Drowzee	Psychic		Insomnia	Forewarn	Inner Focus
97	Hypno	Psychic		Insomnia	Forewarn	Inner Focus
98	Krabby	Water		Hyper Cutter	Shell Armor	Sheer Force
99	Kingler	Water		Hyper Cutter	Shell Armor	Sheer Force
100	Voltorb	Electric		Soundproof	Static	Aftermath
101	Electrode	Electric		Soundproof	Static	Aftermath
102	Exeggcute	Grass	Psychic	Chlorophyll		Harvest
103	Exeggutor	Grass	Psychic	Chlorophyll		Harvest
104	Cubone	Ground		Rock Head	Lightning Rod	Battle Armor
105	Marowak	Ground		Rock Head	Lightning Rod	Battle Armor
106	Hitmonlee	Fighting		Limber	Reckless	Unburden
107	Hitmonchan	Fighting		Keen Eye	Iron Fist	Inner Focus
108	Lickitung	Normal		Own Tempo	Oblivious	Cloud Nine
109	Koffing	Poison		Levitate		
110	Weezing	Poison		Levitate		
111	Rhyhorn	Ground	Rock	Lightning Rod	Rock Head	Reckless
112	Rhydon	Ground	Rock	Lightning Rod	Rock Head	Reckless
113	Chansey	Normal		Natural Cure	Serence Grace	Healer
114	Tangela	Grass		Chlorophyll	Leaf Guard	Regenerator
115	Kangaskhan	Normal		Early Bird	Scrappy	Inner Focus
115	Kangaskhan-M	Normal		Parental Bond		
116	Horsea	Water		Swift Swim	Sniper	Damp
117	Seadra	Water		Poison Point	Sniper	Damp
118	Goldeen	Water		Swift Swim	Water Veil	Lightning Rod
119	Seaking	Water		Swift Swim	Water Veil	Lightning Rod
120	Staryu	Water		Illuminate	Natural Cure	Analytic
121	Starmie	Water	Psychic	Illuminate	Natural Cure	Analytic
122	Mr. Mime	Psychic	Fairy	Soundproof	Filter	Technician
123	Scyther	Bug		Swarm	Technician	Steadfast
124	Jynx	Ice	Psychic	Oblivious	Forewarn	Dry Skin
125	Electabuzz	Electric		Static		Vital Spirit
126	Magmar	Fire		Flame Body		Vital Spirit
127	Pinsir	Bug		Hyper Cutter	Mold Breaker	Moxie
127	Pinsir-M	Bug	Flying	Aerilate		
128	Tauros	Normal		Intimidate	Anger Point	Sheer Force
129	Magikarp	Water		Swift Swim		Rattled
130	Gyarados	Water	Flying	Intimidate		Moxie
130	Gyarados-M	Water	Dark	Mold Breaker		
131	Lapras	Water	Ice	Water Absorb	Shell Armor	Hydration
132	Ditto	Normal		Limber		Imposter
133	Eevee	Normal		Run Away	Adaptability	Anticipation
134	Vaporeon	Water		Water Absorb		Hydration
135	Jolteon	Electric		Volt Absorb		Quick Feet
136	Flareon	Fire		Flash Fire		Guts
137	Porygon	Normal		Trace	Download	Analytic
138	Omanyte	Rock	Water	Swift Swim	Shell Armor	Weak Armor
139	Omastar	Rock	Water	Swift Swim	Shell Armor	Weak Armor
140	Kabuto	Rock	Water	Swift Swim	Battle Armor	Weak Armor
141	Kabutops	Rock	Water	Swift Swim	Battle Armor	Weak Armor
142	Aerodactyl	Rock	Flying	Rock Head	Pressure	Unnerve
142	Aerodactyl-M	Rock	Flying	Tough Claws		
143	Snorlax	Normal		Immunity	Thick Fat	Gluttony
144	Articuno	Ice	Flying	Pressure		Snow Cloak
145	Zapdos	Electric	Flying	Pressure		Static
146	Moltres	Fire	Flying	Pressure		Flame Body
147	Dratini	Dragon		Shed Skin		Marvel Scale
148	Dragonair	Dragon		Shed Skin		Marvel Scale
149	Dragonite	Dragon	Flying	Inner Focus		Multiscale
150	Mewtwo	Psychic		Pressure		Unnerve
150	Mewtwo-X	Psychic	Fighting	Steadfast		
150	Mewtwo-Y	Psychic		Insomnia		
151	Mew	Psychic		Synchronize		
152	Chikorita	Grass		Overgrow		Leaf Guard
153	Bayleef	Grass		Overgrow		Leaf Guard
154	Meganium	Grass		Overgrow		Leaf Guard
155	Cyndaquil	Fire		Blaze		Flash Fire
156	Quilava	Fire		Blaze		Flash Fire
157	Typhlosion	Fire		Blaze		Flash Fire
158	Totodile	Water		Torrent		Sheer Force
159	Croconaw	Water		Torrent		Sheer Force
160	Feraligatr	Water		Torrent		Sheer Force
161	Sentret	Normal		Run Away	Keen Eye	Frisk
162	Furret	Normal		Run Away	Keen Eye	Frisk
163	Hoothoot	Normal	Flying	Insomnia	Keen Eye	Tinted Lens
164	Noctowl	Normal	Flying	Insomnia	Keen Eye	Tinted Lens
165	Ledyba	Bug	Flying	Swarm	Early Bird	Rattled
166	Ledian	Bug	Flying	Swarm	Early Bird	Iron Fist
167	Spinarak	Bug	Poison	Swarm	Insomnia	Sniper
168	Ariados	Bug	Poison	Swarm	Insomnia	Sniper
169	Crobat	Poison	Flying	Inner Focus		Infiltrator
170	Chinchou	Water	Electric	Volt Absorb	Illuminate	Water Absorb
171	Lanturn	Water	Electric	Volt Absorb	Illuminate	Water Absorb
172	Pichu	Electric		Static		Lighting Rod
173	Cleffa	Fairy		Cute Charm	Magic Guard	Friend Guard
174	Igglybuff	Normal	Fairy	Cute Charm	Competitive	Friend Guard
175	Togepi	Fairy		Hustle	Serene Grace	Super Luck
176	Togetic	Fairy	Flying	Hustle	Serene Grace	Super Luck
177	Natu	Psychic	Flying	Synchronize	Early Bird	Magic Bounce
178	Xatu	Psychic	Flying	Synchronize	Early Bird	Magic Bounce
179	Mareep	Electric		Static		Plus
180	Flaaffy	Electric		Static		Plus
181	Ampharos	Electric		Static		Plus
181	Ampharos-M	Electric	Dragon	Mold Breaker		
182	Bellossom	Grass		Chlorophyll		Healer
183	Marill	Water	Fairy	Thick Fat	Huge Power	Sap Sipper
184	Azumarill	Water	Fairy	Thick Fat	Huge Power	Sap Sipper
185	Sudowoodo	Rock		Sturdy	Rock Head	Rattled
186	Politoed	Water		Water Absorb	Damp	Drizzle
187	Hoppip	Grass	Flying	Chlorophyll	Leaf Guard	Infiltrator
188	Skiploom	Grass	Flying	Chlorophyll	Leaf Guard	Infiltrator
189	Jumpluff	Grass	Flying	Chlorophyll	Leaf Guard	Infiltrator
190	Aipom	Normal		Run Away	Pickup	Skill Link
191	Sunkern	Grass		Chlorophyll	Solar Power	Early Bird
192	Sunflora	Grass		Chlorophyll	Solar Power	Early Bird
193	Yanma	Bug	Flying	Speed Boost	Compound Eyes	Frisk
194	Wooper	Water	Ground	Damp	Water Absorb	Unaware
195	Quagsire	Water	Ground	Damp	Water Absorb	Unaware
196	Espeon	Psychic		Synchronize		Magic Bounce
197	Umbreon	Dark		Synchronize		Inner Focus
198	Murkrow	Dark	Flying	Insomnia	Super Luck	Prankster
199	Slowking	Water	Psychic	Oblivious	Own Tempo	Regenerator
200	Misdreavus	Ghost		Levitate		
201	Unown	Psychic		Levitate		
202	Wobbuffet	Psychic		Shadow Tag		Telepathy
203	Girafarig	Normal	Psychic	Inner Focus	Early Bird	Sap Sipper
204	Pineco	Bug		Sturdy		Overcoat
205	Forretress	Bug	Steel	Sturdy		Overcoat
206	Dunsparce	Normal		Serence Grace	Run Away	Rattled
207	Gligar	Ground	Flying	Hyper Cutter	Sand Veil	Immunity
208	Steelix	Steel	Ground	Rock Head	Sturdy	Sheer Force
208	Steelix-M	Steel	Ground	Sand Force		
209	Snubbull	Fairy		Intimidate	Run Away	Rattled
210	Granbull	Fairy		Intimidate	Quick Feet	Rattled
211	Qwilfish	Water	Poison	Poison Point	Swift Swim	Intimidate
212	Scizor	Bug	Steel	Swarm	Technician	Light Metal
212	Scizor-M	Bug	Steel	Technician		
213	Shuckle	Bug	Rock	Sturdy	Gluttony	Contrary
214	Heracross	Bug	Fighting	Swarm	Guts	Moxie
214	Heracross-M	Bug	Fighting	Skill Link		
215	Sneasel	Dark	Ice	Inner Focus	Keen Eye	Pickpockket
216	Teddiursa	Normal		Pickup	Quick Feet	Honey Gather
217	Ursaring	Normal		Guts	Quick Feet	Unnerve
218	Slugma	Fire		Magma Armor	Flame Body	Weak Armor
219	Magcargo	Fire	Rock	Magma Armor	Flame Body	Weak Armor
220	Swinub	Ice	Ground	Oblivious	Snow Cloak	Thick Fat
221	Piloswine	Ice	Ground	Oblivious	Snow Cloak	Thick Fat
222	Corsola	Water	Rock	Hustle	Natural Cure	Regenerator
223	Remoraid	Water		Hustle	Sniper	Moody
224	Octillery	Water		Suction Cups	Sniper	Moody
225	Delibird	Ice	Flying	Vital Spirit	Hustle	Insomnia
226	Mantine	Water	Flying	Swift Swim	Water Absorb	Water Veil
227	Skarmory	Steel	Flying	Keen Eye	Sturdy	Weak Armor
228	Houndour	Dark	Fire	Early Bird	Flash Fire	Unnerve
229	Houndoom	Dark	Fire	Early Bird	Flash Fire	Unnerve
229	Houndoom-M	Dark	Fire	Solar Power		
230	Kingdra	Water	Dragon	Swift Swim	Sniper	Damp
231	Phanpy	Ground		Pickup		Sand Veil
232	Donphan	Ground		Sturdy		Sand Veil
233	Porygon2	Normal		Trace	Download	Analytic
234	Stantler	Normal		Intimidate	Frisk	Sap Sipper
235	Smeargle	Normal		Own Tempo	Technician	Moody
236	Tyrogue	Fighting		Guts	Steadfast	Vital Spirit
237	Hitmontop	Fighting		Intimidate	Technician	Steadfast
238	Smoochum	Ice	Psychic	Oblivious	Forewarn	Hydration
239	Elekid	Electric		Static		Vital Spirit
240	Magby	Fire		Flame Body		Vital Spirit
241	Miltank	Normal		Thick Fat	Scrappy	Sap Sipper
242	Blissey	Normal		Natural Cure	Serence Grace	Healer
243	Raikou	Electric		Pressure		Volt Absorb
244	Entei	Fire		Pressure		Flash Fire
245	Suicune	Water		Pressure		Water Absorb
246	Larvitar	Rock	Ground	Guts		Sand Veil
247	Pupitar	Rock	Ground	Shed Skin		
248	Tyranitar	Rock	Dark	Sand Stream		Unnerve
248	Tyranitar-M	Rock	Dark	Sand Stream		
249	Lugia	Psychic	Flying	Pressure		Multiscale
250	Ho-Oh	Fire	Flying	Pressure		Regenerator
251	Celebi	Psychic	Grass	Natural Cure		
252	Treecko	Grass		Overgrow		Unburden
253	Grovyle	Grass		Overgrow		Unburden
254	Sceptile	Grass		Overgrow		Unburden
255	Sceptile-M	Grass	Dragon	Lightning Rod		
255	Torchic	Fire		Blaze		Speed Boost
256	Combusken	Fire	Fighting	Blaze		Speed Boost
257	Blaziken	Fire	Fighting	Blaze		Speed Boost
257	Blaziken-M	Fire	Fighting	Speed Boost		
258	Mudkip	Water		Torrent		Damp
259	Marshtomp	Water	Ground	Torrent		Damp
260	Swampert	Water	Ground	Torrent		Damp
260	Swampert-M	Water	Ground	Swift Swim		
261	Poochyena	Dark		Run Away	Quick Feet	Rattled
262	Mightyena	Dark		Intimidate	Quick Feet	Moxie
263	Zigzagoon	Normal		Pickup	Gluttony	Quick feet
264	Linoone	Normal		Pickup	Gluttony	Quick feet
265	Wurmple	Bug		Shield Dust		Run Away
266	Silcoon	Bug		Shed Skin		
267	Beautifly	Bug	Flying	Swarm		Rivalry
268	Cascoon	Bug		Shed Skin		
269	Dustox	Bug	Poison	Shield Dust		Compound Eyes
270	Lotad	Water	Grass	Swift Swim	Rain Dish	Own Tempo
271	Lombre	Water	Grass	Swift Swim	Rain Dish	Own Tempo
272	Ludicolo	Water	Grass	Swift Swim	Rain Dish	Own Tempo
273	Seedot	Grass		Chlorophyll	Early Bird	Pickpocket
274	Nuzleaf	Grass	Dark	Chlorophyll	Early Bird	Pickpocket
275	Shiftry	Grass	Dark	Chlorophyll	Early Bird	Pickpocket
276	Taillow	Normal	Flying	Guts		Scrappy
277	Swellow	Normal	Flying	Guts		Scrappy
278	Wingull	Water	Flying	Keen Eye		Rain Dish
279	Pelipper	Water	Flying	Keen Eye		Rain Dish
280	Ralts	Psychic	Fairy	Synchronize	Trace	Telepathy
281	Kirlia	Psychic	Fairy	Synchronize	Trace	Telepathy
282	Gardevoir	Psychic	Fairy	Synchronize	Trace	Telepathy
282	Gardevoir-M	Psychic	Fairy	Pixilate		
283	Surskit	Bug	Water	Swift Swim		Rain Dish
284	Masquerain	Bug	Flying	Intimidate		Unnerve
285	Shroomish	Grass		Effect Spore	Poison Heal	Quick Feet
286	Breloom	Grass	Fighting	Effect Spore	Poison Heal	Technician
287	Slakoth	Normal		Truant		
288	Vigoroth	Normal		Vital Spirit		
289	Slaking	Normal		Truant		
290	Nincada	Bug	Ground	Compound Eyes		Run Away
291	Ninjask	Bug	Flying	Speed Boost		Infiltrator
292	Shedinja	Bug	Ghost	Wonder Guard		Wonder Guard
293	Whismur	Normal		Soundproof		Rattled
294	Loudred	Normal		Soundproof		Scrappy
295	Exploud	Normal		Soundproof		Scrappy
296	Makuhita	Fighting		Thick Fat	Guts	Sheer Force
297	Hariyama	Fighting		Thick Fat	Guts	Sheer Force
298	Azurill	Normal	Fairy	Thick Fat	Huge Power	Sap Sipper
299	Nosepass	Rock		Sturdy	Magnet Pull	Sand Force
300	Skitty	Normal		Cute Charm	Normalize	Wonder Skin
301	Delcatty	Normal		Cute Charm	Normalize	Wonder Skin
302	Sableye	Dark	Ghost	Keen Eye	Stall	Prankster
302	Sableye-M	Dark	Ghost	Magic Bounce		
303	Mawile	Steel	Fairy	Hyper Cutter	Intimidate	Sheer Force
303	Mawile-M	Steel	Fairy	Huge Power		
304	Aron	Steel	Rock	Sturdy	Rock Head	Heavy Metal
305	Lairon	Steel	Rock	Sturdy	Rock Head	Heavy Metal
306	Aggron	Steel	Rock	Sturdy	Rock Head	Heavy Metal
306	Aggron-M	Steel		Filter		
307	Meditite	Fighting	Psychic	Pure Power		Telepathy
308	Medicham	Fighting	Psychic	Pure Power		Telepathy
308	Medicham-M	Fighting	Psychic	Pure Power		
309	Electrike	Electric		Static	Lightning Rod	Minus
310	Manectric	Electric		Static	Lightning Rod	Minus
310	Manectric-M	Electric		Intimidate		
311	Plusle	Electric		Plus		Lightning Rod
312	Minun	Electric		Minus		Volt Absorb
313	Volbeat	Bug		Illuminate	Swarm	Prankster
314	Illumise	Bug		Oblivious	Tinted Lense	Prankster
315	Roselia	Grass	Poison	Natural Cure	Poison Point	Leaf Guard
316	Gulpin	Poison		Liquid Ooze	Sticky Hold	Gluttony
317	Swalot	Poison		Liquid Ooze	Sticky Hold	Gluttony
318	Carvanha	Water	Dark	Rough Skin		Speed Boost
319	Sharpedo	Water	Dark	Rough Skin		Speed Boost
319	Sharpedo-M	Water	Dark	Strong Jaw		
320	Wailmer	Water		Water Veil	Oblivious	Pressure
321	Wailord	Water		Water Veil	Oblivious	Pressure
322	Numel	Fire	Ground	Oblivious	Simple	Own Tempo
323	Camerupt	Fire	Ground	Magma Armor	Solid Rock	Anger Point
323	Camerupt-M	Fire	Ground	Sheer Force		
324	Torkoal	Fire		White Smoke		Shell Armor
325	Spoink	Psychic		Thick Fat	Own Tempo	Gluttony
326	Grumpig	Psychic		Thick Fat	Own Tempo	Gluttony
327	Spinda	Normal		Own Tempo	Tangled Feet	Contrary
328	Trapinch	Ground		Hyper Cutter	Arena Trap	Sheer Force
329	Vibrava	Ground	Dragon	Levitate		
330	Flygon	Ground	Dragon	Levitate		
331	Cacnea	Grass		Sand Veil		Water Absorb
332	Cacturne	Grass	Dark	Sand Veil		Water Absorb
333	Swablu	Normal	Flying	Natural Cure		Cloud Nine
334	Altaria	Dragon	Flying	Natural Cure		Cloud Nine
334	Altaria-M	Dragon	Fairy	Pixilate		
335	Zangoose	Normal		Immunity		Toxic Boost
336	Seviper	Poison		Shed Skin		Infiltrator
337	Lunatone	Rock	Psychic	Levitate		
338	Solrock	Rock	Psychic	Levitate		
339	Barboach	Water	Ground	Oblivious	Anticipation	Hydration
340	Whiscash	Water	Ground	Oblivious	Anticipation	Hydration
341	Corphish	Water		Hyper Cutter	Shell Armor	Adaptability
342	Crawdaunt	Water	Dark	Hyper Cutter	Shell Armor	Adaptability
343	Baltoy	Ground	Psychic	Levitate		
344	Claydol	Ground	Psychic	Levitate		
345	Lileep	Rock	Grass	Suction Cups		Storm Drain
346	Cradily	Rock	Grass	Suction Cups		Storm Drain
347	Anorith	Rock	Bug	Battle Armor		Swift Swim
348	Armaldo	Rock	Bug	Battle Armor		Swift Swim
349	Feebas	Water		Swift Swim	Oblivious	Adaptability
350	Milotic	Water		Marvel Scale	Competitive	Cute Charm
351	Castform-N	Normal		Forecast		
351	Castform-F	Fire		Forecast		
351	Castform-W	Water		Forecast		
351	Castform-I	Ice		Forecast		
352	Kecleon	Normal		Color Change		Protean
353	Shuppet	Ghost		Insomnia	Frisk	Cursed Body
354	Banette	Ghost		Insomnia	Frisk	Cursed Body
355	Banette-M	Ghost		Prankster		
355	Duskull	Ghost		Levitate		Frisk
356	Dusclops	Ghost		Pressure		Frisk
357	Tropius	Grass	Flying	Chlorophyll	Solar Power	Harvest
358	Chimecho	Psychic		Levitate		
359	Absol	Dark		Pressure	Super Luck	Justified
359	Absol-M	Dark		Magic Bounce		
360	Wynaut	Psychic		Shadow Tag		Telepathy
361	Snorunt	Ice		Inner Focus	Ice Body	Moody
362	Glalie	Ice		Inner Focus	Ice Body	Moody
362	Glalie-M	Ice		Refrigerate		
363	Spheal	Ice	Water	Thick Fat	Ice Body	Oblivious
364	Sealeo	Ice	Water	Thick Fat	Ice Body	Oblivious
365	Walrein	Ice	Water	Thick Fat	Ice Body	Oblivious
366	Clamperl	Water		Shell Armor		Rattled
367	Huntail	Water		Swift Swim		Water Veil
368	Gorebyss	Water		Swift Swim		Hydration
369	Relicanth	Water	Rock	Swift Swim	Rock Head	Sturdy
370	Luvdisc	Water		Swift Swim		Hydration
371	Bagon	Dragon		Rock Head		Sheer Force
372	Shelgon	Dragon		Rock Head		Overcoat
373	Salamence	Dragon	Flying	Intimidate		Moxie
373	Salamence-M	Dragon	Flying	Aerilate		
374	Beldum	Steel	Psychic	Clear Body		Light Metal
375	Metang	Steel	Psychic	Clear Body		Light Metal
376	Metagross	Steel	Psychic	Clear Body		Light Metal
376	Metagross-M	Steel	Psychic	Though Claws		
377	Regirock	Rock		Clear Body		Sturdy
378	Regice	Ice		Clear Body		Ice Body
379	Registeel	Steel		Clear Body		Light Metal
380	Latias	Dragon	Psychic	Levitate		
380	Latias-M	Dragon	Psychic	Levitate		
381	Latios	Dragon	Psychic	Levitate		
381	Latios-M	Dragon	Psychic	Levitate		
382	Kyogre	Water		Drizzle		
382	Kyogre-P	Water		Primordial Sea		
383	Groudon	Ground		Drought		
383	Groudon-P	Ground	Fire	Desolate Land		
384	Rayquaza	Dragon	Flying	Air Lock		
384	Rayquaza-M	Dragon	Flying	Delta Stream		
385	Jirachi	Steel	Psychic	Serene Grace		
386	Deoxys	Psychic		Pressure		
387	Turtwig	Grass		Overgrow		Shell Armor
388	Grotle	Grass		Overgrow		Shell Armor
389	Torterra	Grass	Ground	Overgrow		Shell Armor
390	Chimchar	Fire		Blaze		Iron Fist
391	Monferno	Fire	Fighting	Blaze		Iron Fist
392	Infernape	Fire	Fighting	Blaze		Iron Fist
393	Piplup	Water		Torrent		Defiant
394	Prinplup	Water		Torrent		Defiant
395	Empoleon	Water	Steel	Torrent		Defiant
396	Starly	Normal	Flying	Keen Eye		Reckless
397	Staravia	Normal	Flying	Intimidate		Reckless
398	Staraptor	Normal	Flying	Intimidate		Reckless
399	Bidoof	Normal		Simple	Unaware	Moody
400	Bibarel	Normal	Water	Simple	Unaware	Moody
401	Kricketot	Bug		Shed Skin		Run Away
402	Kricketune	Bug		Swarm		Technician
403	Shinx	Electric		Rivalry	Intimidate	Guts
404	Luxio	Electric		Rivalry	Intimidate	Guts
405	Luxray	Electric		Rivalry	Intimidate	Guts
406	Budew	Grass	Poison	Natural Cure	Poison Point	Leaf Guard
407	Roserade	Grass	Poison	Natural Cure	Poison Point	Technician
408	Cranidos	Rock		Mold Breaker		Sheer Force
409	Rampardos	Rock		Mold Breaker		Sheer Force
410	Shieldon	Rock	Steel	Sturdy		Soundproof
411	Bastiodon	Rock	Steel	Sturdy		Soundproof
412	Burmy	Bug		Shed Skin		Overcoat
413	Wormadam	Bug	Grass	Anticipation		Overcoat
413	Wormadam	Bug	Ground	Anticipation		Overcoat
413	Wormadam	Bug	Steel	Anticipation		Overcoat
414	Mothim	Bug	Flying	Swarm		Tinted Lens
415	Combee	Bug	Flying	Honey Gather		Hustle
416	Vespiquen	Bug	Flying	Pressure		Unnerve
417	Pachirisu	Electric		Run Away	Pickup	Volt Absorb
418	Buizel	Water		Swift Swim		Water Veil
419	Floatzel	Water		Swift Swim		Water Veil
420	Cherubi	Grass		Chlorophyll		
421	Cherrim	Grass		Flower Gift		
422	Shellos	Water		Sticky Hold	Storm Drain	Sand Force
423	Gastrodon	Water	Ground	Sticky Hold	Storm Drain	Sand Force
424	Ambipom	Normal		Technician	Pickup	Skill Link
425	Drifloon	Ghost	Flying	Aftermath	Unburden	Flare Boost
426	Drifblim	Ghost	Flying	Aftermath	Unburden	Flare Boost
427	Buneary	Normal		Run Away	Klutz	Limber
428	Lopunny	Normal		Cute Charm	Klutz	Limber
428	Lopunny-M	Normal	Fighting	Scrappy		
429	Mismagius	Ghost		Levitate		
430	Honchkrow	Dark	Flying	Insomnia	Super Luck	Moxie
431	Glameow	Normal		Limber	Own Tempo	Keen Eye
432	Purugly	Normal		Thick Fat	Own Tempo	Defiant
433	Chingling	Psychic		Levitate		
434	Stunky	Poison	Dark	Stench	Aftermath	Keen Eye
435	Skuntank	Poison	Dark	Stench	Aftermath	Keen Eye
436	Bronzor	Steel	Psychic	Levitate	Heatproof	Heavy Metal
437	Bronzong	Steel	Psychic	Levitate	Heatproof	Heavy Metal
438	Bonsly	Rock		Sturdy	Rock Head	Rattled
439	Mime Jr.	Psychic	Fairy	Soundproof	Filter	Technician
440	Happiny	Normal		Natural Cure	Serence Grace	Friend Guard
441	Chatot	Normal	Flying	Keen Eye	Tangled Feet	Big Pecks
442	Spiritomb	Ghost	Dark	Pressure		Infiltrator
443	Gible	Dragon	Ground	Sand Veil		Rough Skin
444	Gabite	Dragon	Ground	Sand Veil		Rough Skin
445	Garchomp	Dragon	Ground	Sand Veil		Rough Skin
445	Garchomp-M	Dragon	Ground	Sand Force		
446	Munchlax	Normal		Pickup	Thick Fat	Glutony
447	Riolu	Fighting		Steadfast	Inner Focus	Prankster
448	Lucario	Fighting	Steel	Steadfast	Inner Focus	Justified
448	Lucario-M	Fighting	Steel	Adaptability		
449	Hippopotas	Ground		Sand Stream		Sand Force
450	Hippowdon	Ground		Sand Stream		Sand Force
451	Skorupi	Poison	Bug	Battle Armor	Sniper	Keen Eye
452	Drapion	Poison	Dark	Battle Armor	Sniper	Keen Eye
453	Croagunk	Poison	Fighting	Anticipation	Dry Skin	Poison Touch
454	Toxicroak	Poison	Fighting	Anticipation	Dry Skin	Poison Touch
455	Carnivine	Grass		Levitate		
456	Finneon	Water		Swift Swim	Storm Drain	Water Veil
457	Lumineon	Water		Swift Swim	Storm Drain	Water Veil
458	Mantyke	Water	Flying	Swift Swim	Water Absorb	Water Veil
459	Snover	Grass	Ice	Snow Warning		Soundproof
460	Abomasnow	Grass	Ice	Snow Warning		Soundproof
460	Abomasnow-M	Grass	Ice	Snow Warning		
461	Weavile	Dark	Ice	Pressure		Pickpocket
462	Magnezone	Electric	Steel	Magnet Pull	Sturdy	Analytic
463	Lickilicky	Normal		Own Tempo	Oblivious	Cloud Nine
464	Rhyperior	Ground	Rock	Lightning Rod	Solid Rock	Reckless
465	Tangrowth	Grass		Chlorophyll	Leaf Guard	Regenerator
466	Electivire	Electric		Motor Drive		Vital Spirit
467	Magmortar	Fire		Flame Body		Vital Spirit
468	Togekiss	Fairy	Flying	Hustle	Serene Grace	Super Luck
469	Yanmega	Bug	Flying	Speed Boost	Tinted Lens	Frisk
470	Leafeon	Grass		Leaf Guard		Chlorophyll
471	Glaceon	Ice		Snow Cloak		Ice Body
472	Gliscor	Ground	Flying	Hyper Cutter	Sand Veil	Poison Heal
473	Mamoswine	Ice	Ground	Oblivious	Snow Cloak	Thick Fat
474	Porygon-Z	Normal		Adaptability	Download	Analytic
475	Gallade	Psychic	Fighting	Steadfast		Justified
475	Gallade-M	Psychic	Fighting	Inner Focus		
476	Probopass	Rock	Steel	Sturdy	Magnet Pull	Sand Force
477	Dusknoir	Ghost		Pressure		Frisk
478	Froslass	Ice	Ghost	Snow Cloak		Cursed Body
479	Rotom	Electric	Ghost	Levitate		
479	Rotom-H	Electric	Fire	Levitate		
479	Rotom-W	Electric	Water	Levitate		
479	Rotom-I	Electric	Ice	Levitate		
479	Rotom-F	Electric	Flying	Levitate		
479	Rotom-M	Electric	Grass	Levitate		
480	Uxie	Psychic		Levitate		
481	Mesprit	Psychic		Levitate		
482	Azelf	Psychic		Levitate		
483	Dialga	Steel	Dragon	Pressure		Telepathy
484	Palkia	Water	Dragon	Pressure		Telepathy
485	Heatran	Fire	Steel	Flash Fire		Flame Body
486	Regigigas	Normal		Slow Start		
487	Giratina	Ghost	Dragon	Pressure		Telepathy
488	Cresselia	Psychic		Levitate		
489	Phione	Water		Hydration		
490	Manaphy	Water		Hydration		
491	Darkrai	Dark		Bad Dreams		
492	Shaymin	Grass		Natural Cure		
492	Shaymin	Grass	Flying	Serene Grace		
493	Arceus	Normal		Multitype		
494	Victini	Psychic	Fire	Victory Star		
495	Snivy	Grass		Overgrow		Contrary
496	Servine	Grass		Overgrow		Contrary
497	Serperior	Grass		Overgrow		Contrary
498	Tepig	Fire		Blaze		Thick Fat
499	Pignite	Fire	Fighting	Blaze		Thick Fat
500	Emboar	Fire	Fighting	Blaze		Reckless
501	Oshawott	Water		Torrent		Shell Armor
502	Dewott	Water		Torrent		Shell Armor
503	Samurott	Water		Torrent		Shell Armor
504	Patrat	Normal		Run Away	Keen Eye	Analytic
505	Watchog	Normal		Illuminate	Keen Eye	Analytic
506	Lillipup	Normal		Vital Spirit	Pickup	Run Away
507	Herdier	Normal		Intimidate	Sand Rush	Scrappy
508	Stoutland	Normal		Intimidate	Sand Rush	Scrappy
509	Purrloin	Dark		Limber	Unburden	Prankster
510	Liepard	Dark		Limber	Unburden	Prankster
511	Pansage	Grass		Gluttony		Overgrow
512	Simisage	Grass		Gluttony		Overgrow
513	Pansear	Fire		Gluttony		Blaze
514	Simisear	Fire		Gluttony		Blaze
515	Panpour	Water		Gluttony		Torrent
516	Simipour	Water		Gluttony		Torrent
517	Munna	Psychic		Forewarn	Synchronize	Telepathy
518	Musharna	Psychic		Forewarn	Synchronize	Telepathy
519	Pidove	Normal	Flying	Big Pecks	Super Luck	Rivalry
520	Tranquill	Normal	Flying	Big Pecks	Super Luck	Rivalry
521	Unfezant	Normal	Flying	Big Pecks	Super Luck	Rivalry
522	Blitzle	Electric		Lightning Rod	Motor Drive	Sap Sipper
523	Zebstrika	Electric		Lightning Rod	Motor Drive	Sap Sipper
524	Roggenrola	Rock		Sturdy		Sand Force
525	Boldore	Rock		Sturdy		Sand Force
526	Gigalith	Rock		Sturdy		Sand Force
527	Woobat	Psychic	Flying	Unaware	Klutz	Simple
528	Swoobat	Psychic	Flying	Unaware	Klutz	Simple
529	Drilbur	Ground		Sand Rush	Sand Force	Mold Breaker
530	Excadrill	Ground	Steel	Sand Rush	Sand Force	Mold Breaker
531	Audino	Normal		Healer	Regenerator	Klutz
531	Audino-M	Normal	Fairy	Healer		
532	Timburr	Fighting		Guts	Sheer Force	Iron Fist
533	Gurdurr	Fighting		Guts	Sheer Force	Iron Fist
534	Conkeldurr	Fighting		Guts	Sheer Force	Iron Fist
535	Tympole	Water		Swift Swim	Hydration	Water Absorb
536	Palpitoad	Water	Ground	Swift Swim	Hydration	Water Absorb
537	Seismitoad	Water	Ground	Swift Swim	Poison Touch	Water Absorb
538	Throh	Fighting		Guts	Inner Focus	Mold Breaker
539	Sawk	Fighting		Sturdy	Inner Focus	Mold Breaker
540	Sewaddle	Bug	Grass	Swarm	Chlorophyll	Overcoat
541	Swadloon	Bug	Grass	Leaf Guard	Chlorophyll	Overcoat
542	Leavanny	Bug	Grass	Swarm	Chlorophyll	Overcoat
543	Venipede	Bug	Poison	Poison Point	Swarm	Speed Boost
544	Whirlipede	Bug	Poison	Poison Point	Swarm	Speed Boost
545	Scolipede	Bug	Poison	Poison Point	Swarm	Speed Boost
546	Cottonee	Grass	Fairy	Prankster	Infiltrator	Chlorophyll
547	Whimsicott	Grass	Fairy	Prankster	Infiltrator	Chlorophyll
548	Petilil	Grass		Chlorophyll	Own Tempo	Leaf Guard
549	Lilligant	Grass		Chlorophyll	Own Tempo	Leaf Guard
550	Basculin	Water		Reckless	Adaptability	Mold Breaker
551	Sandile	Ground	Dark	Intimidate	Moxie	Anger Point
552	Krokorok	Ground	Dark	Intimidate	Moxie	Anger Point
553	Krookodile	Ground	Dark	Intimidate	Moxie	Anger Point
554	Darumaka	Fire		Hustle		Inner Focus
555	Darmanitan	Fire		Sheer Force		Zen Mode
555	Darmanitan	Fire	Psychic	Zen Mode		
556	Maractus	Grass		Water Absorb	Chlorophyll	Storm Drain
557	Dwebble	Bug	Rock	Sturdy	Shell Armor	Weak Armor
558	Crustle	Bug	Rock	Sturdy	Shell Armor	Weak Armor
559	Scraggy	Dark	Fighting	Shed Skin	Moxie	Intimidate
560	Scrafty	Dark	Fighting	Shed Skin	Moxie	Intimidate
561	Sigilyph	Psychic	Flying	Wonder Skin	Magic Guard	Tinted Lens
562	Yamask	Ghost		Mummy		
563	Cofagrigus	Ghost		Mummy		
564	Tirtouga	Water	Rock	Solid Rock	Sturdy	Swift Swim
565	Carracosta	Water	Rock	Solid Rock	Sturdy	Swift Swim
566	Archen	Rock	Flying	Defeatist		
567	Archeops	Rock	Flying	Defeatist		
568	Trubbish	Poison		Stench	Sticky Hold	Aftermath
569	Garbodor	Poison		Stench	Weak Armor	Aftermath
570	Zorua	Dark		Illusion		
571	Zoroark	Dark		Illusion		
572	Minccino	Normal		Cute Charm	Technician	Skill Link
573	Cinccino	Normal		Cute Charm	Technician	Skill Link
574	Gothita	Psychic		Frisk	Competitive	Shadow Tag
575	Gothorita	Psychic		Frisk	Competitive	Shadow Tag
576	Gothitelle	Psychic		Frisk	Competitive	Shadow Tag
577	Solosis	Psychic		Overcoat	Magic Guard	Regenerator
578	Duosion	Psychic		Overcoat	Magic Guard	Regenerator
579	Reuniclus	Psychic		Overcoat	Magic Guard	Regenerator
580	Ducklett	Water	Flying	Keen Eye	Big Pecks	Hydration
581	Swanna	Water	Flying	Keen Eye	Big Pecks	Hydration
582	Vanillite	Ice		Ice Body		Weak Armor
583	Vanillish	Ice		Ice Body		Weak Armor
584	Vanilluxe	Ice		Ice Body		Weak Armor
585	Deerling	Normal	Grass	Chlorophyll	Sap Sipper	Serence Grace
586	Sawsbuck	Normal	Grass	Chlorophyll	Sap Sipper	Serence Grace
587	Emolga	Electric	Flying	Static		Motor Drive
588	Karrablast	Bug		Swarm	Shed Skin	No Guard
589	Escavalier	Bug	Steel	Swarm	Shell Armor	Overcoat
590	Foongus	Grass	Poison	Effect Spore		Regenerator
591	Amoonguss	Grass	Poison	Effect Spore		Regenerator
592	Frillish	Water	Ghost	Water Absorb	Cursed Body	Damp
593	Jellicent	Water	Ghost	Water Absorb	Cursed Body	Damp
594	Alomomola	Water		Healer	Hydration	Regenerator
595	Joltik	Bug	Electric	Compound Eyes	Unnerve	Swarm
596	Galvantula	Bug	Electric	Compound Eyes	Unnerve	Swarm
597	Ferroseed	Grass	Steel	Iron Barbs		
598	Ferrothorn	Grass	Steel	Iron Barbs		Anticipation
599	Klink	Steel		Plus	Minus	Clear Body
600	Klang	Steel		Plus	Minus	Clear Body
601	Klinklang	Steel		Plus	Minus	Clear Body
602	Tynamo	Electric		Levitate		
603	Eelektrik	Electric		Levitate		
604	Eelektross	Electric		Levitate		
605	Elgyem	Psychic		Telepathy	Synchronize	Analytic
606	Beheeyem	Psychic		Telepathy	Synchronize	Analytic
607	Litwick	Ghost	Fire	Flash Fire	Flame Body	Infiltrator
608	Lampent	Ghost	Fire	Flash Fire	Flame Body	Infiltrator
609	Chandelure	Ghost	Fire	Flash Fire	Flame Body	Infiltrator
610	Axew	Dragon		Rivalry	Mold Breaker	Unnerve
611	Fraxure	Dragon		Rivalry	Mold Breaker	Unnerve
612	Haxorus	Dragon		Rivalry	Mold Breaker	Unnerve
613	Cubchoo	Ice		Snow Cloak		Rattled
614	Beartic	Ice		Snow Cloak		Swift Swim
615	Cryogonal	Ice		Levitate		
616	Shelmet	Bug		Hydration	Shell Armor	Overcoat
617	Accelgor	Bug		Hydration	Shell Armor	Overcoat
618	Stunfisk	Ground	Electric	Static	Limber	Sand Veil
619	Mienfoo	Fighting		Inner Focus	Regenerator	Reckless
620	Mienshao	Fighting		Inner Focus	Regenerator	Reckless
621	Druddigon	Dragon		Rough Skin	Sheer Force	Mold Breaker
622	Golett	Ground	Ghost	Iron Fist	Klutz	No Guard
623	Golurk	Ground	Ghost	Iron Fist	Klutz	No Guard
624	Pawniard	Dark	Steel	Defiant	Inner Focus	Pressure
625	Bisharp	Dark	Steel	Defiant	Inner Focus	Pressure
626	Bouffalant	Normal		Reckless	Sap Sipper	Soundproof
627	Rufflet	Normal	Flying	Keen Eye	Sheer Force	Hustle
628	Braviary	Normal	Flying	Keen Eye	Sheer Force	Defiant
629	Vullaby	Dark	Flying	Big Pecks	Overcoat	Weak Armor
630	Mandibuzz	Dark	Flying	Big Pecks	Overcoat	Weak Armor
631	Heatmor	Fire		Gluttony	Flash Fire	White Smoke
632	Durant	Bug	Steel	Swarm	Hustle	Truant
633	Deino	Dark	Dragon	Hustle		
634	Zweilous	Dark	Dragon	Hustle		
635	Hydreigon	Dark	Dragon	Levitate		
636	Larvesta	Bug	Fire	Flame Body		Swarm
637	Volcarona	Bug	Fire	Flame Body		Swarm
638	Cobalion	Steel	Fighting	Justified		
639	Terrakion	Rock	Fighting	Justified		
640	Virizion	Grass	Fighting	Justified		
641	Tornadus	Flying		Prankster		Defiant
641	Tornadus-T	Flying		Regenerator		
642	Thundurus	Electric	Flying	Prankster		Defiant
642	Thundurus-T	Electric	Flying	Volt Absorb		
643	Reshiram	Dragon	Fire	Turboblaze		
644	Zekrom	Dragon	Electric	Teravolt		
645	Landorus	Ground	Flying	Sand Force		Sheer Foce
645	Landorus-T	Ground	Flying	Intimidate		
646	Kyurem	Dragon	Ice	Pressure		
647	Keldeo	Water	Fighting	Justified		
648	Meloetta	Normal	Psychic	Serene Grace		
648	Meloetta	Normal	Fighting	Serene Grace		
649	Genesect	Bug	Steel	Download		
650	Chespin	Grass		Overgrow		Bulletproof
651	Quilladin	Grass		Overgrow		Bulletproof
652	Chesnaught	Grass	Fighting	Overgrow		Bulletproof
653	Fennekin	Fire		Blaze		Magician
654	Braixen	Fire		Blaze		Magician
655	Delphox	Fire	Psychic	Blaze		Magician
656	Froakie	Water		Torrent		Protean
657	Frogadier	Water		Torrent		Protean
658	Greninja	Water	Dark	Torrent		Protean
659	Bunnelby	Normal		Pickup	Cheek Pouch	Huge Power
660	Diggersby	Normal	Ground	Pickup	Cheek Pouch	Huge Power
661	Fletchling	Normal	Flying	Big Pecks		Gale Wings
662	Fletchinder	Fire	Flying	Flame Body		Gale Wings
663	Talonflame	Fire	Flying	Flame Body		Gale Wings
664	Scatterbug	Bug		Shield Dust	Compound Eyes	Friend Guard
665	Spewpa	Bug		Shed Skin		Friend Guard
666	Vivillon	Bug	Flying	Shield Dust	Compound Eyes	Friend Guard
667	Litleo	Fire	Normal	Rivalry	Unnerve	Moxie
668	Pyroar	Fire	Normal	Rivalry	Unnerve	Moxie
669	Flabébé	Fairy		Flower Veil		Symbiosis
670	Floette	Fairy		Flower Veil		Symbiosis
671	Florges	Fairy		Flower Veil		Symbiosis
672	Skiddo	Grass		Sap Sipper		Grass Pelt
673	Gogoat	Grass		Sap Sipper		Grass Pelt
674	Pancham	Dark		Iron Fist	Mold Breaker	Scrappy
675	Pangoro	Dark	Fighting	Iron Fist	Mold Breaker	Scrappy
676	Furfrou	Normal		Fur Coat		
677	Espurr	Psychic		Keen Eye	Infiltrator	Own Tempo
678	Meowstic-male	Psychic		Keen Eye	Infiltrator	Prankster
678	Meowstic-Fem	Psychic		Keen Eye	Infiltrator	Competitive
679	Honedge	Steel	Ghost	No Guard		
680	Doublade	Steel	Ghost	No Guard		
681	Aegislash	Steel	Ghost	Stance Change		
682	Spritzee	Fairy		Healer		Aroma Veil
683	Aromatisse	Fairy		Healer		Aroma Veil
684	Swirlix	Fairy		Sweet Veil		Unburden
685	Slurpuff	Fairy		Sweet Veil		Unburden
686	Inkay	Dark	Psychic	Contrary	Suction Cups	Infiltrator
687	Malamar	Dark	Psychic	Contrary	Suction Cups	Infiltrator
688	Binacle	Rock	Water	Tough Claws	Sniper	Pickpocket
689	Barbaracle	Rock	Water	Tough Claws	Sniper	Pickpocket
690	Skrelp	Poison	Water	Poison Point	Poison Touch	Adaptability
691	Dragalge	Poison	Dragon	Poison Point	Poison Touch	Adaptability
692	Clauncher	Water		Mega Launcher		
693	Clawitzer	Water		Mega Launcher		
694	Helioptile	Electric	Normal	Dry Skin	Sand Veil	Solar Power
695	Heliolisk	Electric	Normal	Dry Skin	Sand Veil	Solar Power
696	Tyrunt	Rock	Dragon	Strong Jaw		Sturdy
697	Tyrantrum	Rock	Dragon	Strong Jaw		Rock Head
698	Amaura	Rock	Ice	Refrigerate		Snow Warning
699	Aurorus	Rock	Ice	Refrigerate		Snow Warning
700	Sylveon	Fairy		Cute Charm		Pixilate
701	Hawlucha	Fighting	Flying	Limber	Unburden	Mold Breaker
702	Dedenne	Electric	Fairy	Cheek Pouch	Pickup	Plus
703	Carbink	Rock	Fairy	Clear Body		Sturdy
704	Goomy	Dragon		Sap Sipper	Hydration	Gooey
705	Sliggoo	Dragon		Sap Sipper	Hydration	Gooey
706	Goodra	Dragon		Sap Sipper	Hydration	Gooey
707	Klefki	Steel	Fairy	prankster		Magician
708	Phantump	Ghost	Grass	Natural Cure	Frisk	Harvest
709	Trevenant	Ghost	Grass	Natural Cure	Frisk	Harvest
710	Pumpkaboo	Ghost	Grass	Pickup	Frisk	Insomnia
711	Gourgeist	Ghost	Grass	Pickup	Frisk	Insomnia
712	Bergmite	Ice		Own Tempo	Ice Body	Sturdy
713	Avalugg	Ice		Own Tempo	Ice Body	Sturdy
714	Noibat	Flying	Dragon	Frisk	Infiltrator	Telepathy
715	Noivern	Flying	Dragon	Frisk	Infiltrator	Telepathy
716	Xerneas	Fairy		Fairy Aura		
717	Yveltal	Dark	Flying	Dark Aura		
718	Zygarde	Dragon	Ground	Aura Break		
719	Diancie	Rock	Fairy	Clear Body		
719	Diancie-M	Rock	Fairy	Magic Bounce		
720	Hoopa	Psychic	Ghost	Magician		
720	Hoopa	Psychic		Magician		